svara,cluster,prec,suc,precsuc,filepath,precdir,sucdir,precsucdir
ga,ga_cluster_6,ri,ri,ri_ri,ga/cluster_6/ri_163_ri.png,asc,desc,same
ga,ga_cluster_6,ri,ma,ri_ma,ga/cluster_6/ri_149_ma.png,asc,asc,asc
ga,ga_cluster_6,sa,ri,sa_ri,ga/cluster_6/sa_165_ri.png,asc,desc,asc
ga,ga_cluster_6,ri,ma,ri_ma,ga/cluster_6/ri_50_ma.png,asc,asc,asc
ga,ga_cluster_6,ma,ri,ma_ri,ga/cluster_6/ma_92_ri.png,desc,desc,desc
ga,ga_cluster_6,ri,ma,ri_ma,ga/cluster_6/ri_54_ma.png,asc,asc,asc
ga,ga_cluster_6,silence,ri,silence_ri,ga/cluster_6/silence_0_ri.png,from_silence,desc,from_silence
ga,ga_cluster_6,ri,ma,ri_ma,ga/cluster_6/ri_171_ma.png,asc,asc,asc
ga,ga_cluster_6,sa,ri,sa_ri,ga/cluster_6/sa_167_ri.png,asc,desc,asc
ga,ga_cluster_6,ma,ri,ma_ri,ga/cluster_6/ma_109_ri.png,desc,desc,desc
ga,ga_cluster_6,ma,ri,ma_ri,ga/cluster_6/ma_86_ri.png,desc,desc,desc
ga,ga_cluster_6,ri,ma,ri_ma,ga/cluster_6/ri_48_ma.png,asc,asc,asc
ga,ga_cluster_6,sa,ri,sa_ri,ga/cluster_6/sa_166_ri.png,asc,desc,asc
ga,ga_cluster_6,ma,ri,ma_ri,ga/cluster_6/ma_94_ri.png,desc,desc,desc
ga,ga_cluster_6,ma,ri,ma_ri,ga/cluster_6/ma_91_ri.png,desc,desc,desc
ga,ga_cluster_6,ma,ri,ma_ri,ga/cluster_6/ma_112_ri.png,desc,desc,desc
ga,ga_cluster_6,ma,silence,ma_silence,ga/cluster_6/ma_180_silence.png,desc,to_silence,to_silence
ga,ga_cluster_6,ma,ri,ma_ri,ga/cluster_6/ma_110_ri.png,desc,desc,desc
ga,ga_cluster_6,ri,ma,ri_ma,ga/cluster_6/ri_98_ma.png,asc,asc,asc
ga,ga_cluster_6,ri,ma,ri_ma,ga/cluster_6/ri_32_ma.png,asc,asc,asc
ga,ga_cluster_6,ma,ri,ma_ri,ga/cluster_6/ma_93_ri.png,desc,desc,desc
ga,ga_cluster_6,ri,ma,ri_ma,ga/cluster_6/ri_3_ma.png,asc,asc,asc
ga,ga_cluster_6,silence,ma,silence_ma,ga/cluster_6/silence_34_ma.png,from_silence,asc,from_silence
ga,ga_cluster_6,ri,ma,ri_ma,ga/cluster_6/ri_150_ma.png,asc,asc,asc
ga,ga_cluster_6,ri,ma,ri_ma,ga/cluster_6/ri_7_ma.png,asc,asc,asc
ga,ga_cluster_6,ri,ri,ri_ri,ga/cluster_6/ri_173_ri.png,asc,desc,same
ga,ga_cluster_6,ri,ma,ri_ma,ga/cluster_6/ri_176_ma.png,asc,asc,asc
ga,ga_cluster_1,pa,ri,pa_ri,ga/cluster_1/pa_21_ri.png,desc,desc,desc
ga,ga_cluster_1,ma,ma,ma_ma,ga/cluster_1/ma_124_ma.png,desc,asc,same
ga,ga_cluster_1,ma,ri,ma_ri,ga/cluster_1/ma_80_ri.png,desc,desc,desc
ga,ga_cluster_1,ma,ri,ma_ri,ga/cluster_1/ma_8_ri.png,desc,desc,desc
ga,ga_cluster_1,pa,ma,pa_ma,ga/cluster_1/pa_160_ma.png,desc,asc,desc
ga,ga_cluster_1,ma,ri,ma_ri,ga/cluster_1/ma_5_ri.png,desc,desc,desc
ga,ga_cluster_1,ma,ri,ma_ri,ga/cluster_1/ma_106_ri.png,desc,desc,desc
ga,ga_cluster_1,ma,ri,ma_ri,ga/cluster_1/ma_89_ri.png,desc,desc,desc
ga,ga_cluster_1,ma,ma,ma_ma,ga/cluster_1/ma_115_ma.png,desc,asc,same
ga,ga_cluster_1,ma,ri,ma_ri,ga/cluster_1/ma_153_ri.png,desc,desc,desc
ga,ga_cluster_1,silence,ma,silence_ma,ga/cluster_1/silence_67_ma.png,from_silence,asc,from_silence
ga,ga_cluster_1,pa,ri,pa_ri,ga/cluster_1/pa_144_ri.png,desc,desc,desc
ga,ga_cluster_1,ma,ri,ma_ri,ga/cluster_1/ma_175_ri.png,desc,desc,desc
ga,ga_cluster_1,pa,ma,pa_ma,ga/cluster_1/pa_46_ma.png,desc,asc,desc
ga,ga_cluster_0,ma,ri,ma_ri,ga/cluster_0/ma_55_ri.png,desc,desc,desc
ga,ga_cluster_0,ma,ri,ma_ri,ga/cluster_0/ma_59_ri.png,desc,desc,desc
ga,ga_cluster_0,ma,ri,ma_ri,ga/cluster_0/ma_47_ri.png,desc,desc,desc
ga,ga_cluster_0,ma,ri,ma_ri,ga/cluster_0/ma_125_ri.png,desc,desc,desc
ga,ga_cluster_0,ma,ri,ma_ri,ga/cluster_0/ma_158_ri.png,desc,desc,desc
ga,ga_cluster_0,ri,ma,ri_ma,ga/cluster_0/ri_138_ma.png,asc,asc,asc
ga,ga_cluster_0,ma,ri,ma_ri,ga/cluster_0/ma_137_ri.png,desc,desc,desc
ga,ga_cluster_0,sa,ri,sa_ri,ga/cluster_0/sa_155_ri.png,asc,desc,asc
ga,ga_cluster_0,ma,ri,ma_ri,ga/cluster_0/ma_142_ri.png,desc,desc,desc
ga,ga_cluster_0,ri,ma,ri_ma,ga/cluster_0/ri_136_ma.png,asc,asc,asc
ga,ga_cluster_0,ma,ri,ma_ri,ga/cluster_0/ma_30_ri.png,desc,desc,desc
ga,ga_cluster_0,ma,ri,ma_ri,ga/cluster_0/ma_79_ri.png,desc,desc,desc
ga,ga_cluster_0,ma,ri,ma_ri,ga/cluster_0/ma_121_ri.png,desc,desc,desc
ga,ga_cluster_0,ma,ri,ma_ri,ga/cluster_0/ma_105_ri.png,desc,desc,desc
ga,ga_cluster_0,sa,ri,sa_ri,ga/cluster_0/sa_156_ri.png,asc,desc,asc
ga,ga_cluster_0,ma,ri,ma_ri,ga/cluster_0/ma_25_ri.png,desc,desc,desc
ga,ga_cluster_0,ma,ri,ma_ri,ga/cluster_0/ma_58_ri.png,desc,desc,desc
ga,ga_cluster_0,ma,ri,ma_ri,ga/cluster_0/ma_72_ri.png,desc,desc,desc
ga,ga_cluster_0,ma,ri,ma_ri,ga/cluster_0/ma_27_ri.png,desc,desc,desc
ga,ga_cluster_0,ma,ri,ma_ri,ga/cluster_0/ma_35_ri.png,desc,desc,desc
ga,ga_cluster_0,ma,ri,ma_ri,ga/cluster_0/ma_102_ri.png,desc,desc,desc
ga,ga_cluster_0,ma,ri,ma_ri,ga/cluster_0/ma_114_ri.png,desc,desc,desc
ga,ga_cluster_0,ma,ri,ma_ri,ga/cluster_0/ma_19_ri.png,desc,desc,desc
ga,ga_cluster_0,pa,ri,pa_ri,ga/cluster_0/pa_36_ri.png,desc,desc,desc
ga,ga_cluster_0,sa,ri,sa_ri,ga/cluster_0/sa_168_ri.png,asc,desc,asc
ga,ga_cluster_0,ma,ri,ma_ri,ga/cluster_0/ma_116_ri.png,desc,desc,desc
ga,ga_cluster_0,ri,ma,ri_ma,ga/cluster_0/ri_140_ma.png,asc,asc,asc
ga,ga_cluster_7,ma,ri,ma_ri,ga/cluster_7/ma_146_ri.png,desc,desc,desc
ga,ga_cluster_7,ma,ri,ma_ri,ga/cluster_7/ma_82_ri.png,desc,desc,desc
ga,ga_cluster_7,ma,ri,ma_ri,ga/cluster_7/ma_127_ri.png,desc,desc,desc
ga,ga_cluster_7,ma,ri,ma_ri,ga/cluster_7/ma_69_ri.png,desc,desc,desc
ga,ga_cluster_7,ma,ri,ma_ri,ga/cluster_7/ma_119_ri.png,desc,desc,desc
ga,ga_cluster_7,ma,ri,ma_ri,ga/cluster_7/ma_2_ri.png,desc,desc,desc
ga,ga_cluster_7,ma,ri,ma_ri,ga/cluster_7/ma_70_ri.png,desc,desc,desc
ga,ga_cluster_7,ma,ri,ma_ri,ga/cluster_7/ma_134_ri.png,desc,desc,desc
ga,ga_cluster_7,ma,ri,ma_ri,ga/cluster_7/ma_44_ri.png,desc,desc,desc
ga,ga_cluster_7,ma,ri,ma_ri,ga/cluster_7/ma_68_ri.png,desc,desc,desc
ga,ga_cluster_7,pa,ri,pa_ri,ga/cluster_7/pa_135_ri.png,desc,desc,desc
ga,ga_cluster_7,ma,ri,ma_ri,ga/cluster_7/ma_132_ri.png,desc,desc,desc
ga,ga_cluster_2,ma,ri,ma_ri,ga/cluster_2/ma_101_ri.png,desc,desc,desc
ga,ga_cluster_2,ma,ri,ma_ri,ga/cluster_2/ma_113_ri.png,desc,desc,desc
ga,ga_cluster_2,ri,sa,ri_sa,ga/cluster_2/ri_11_sa.png,asc,desc,desc
ga,ga_cluster_2,ri,ma,ri_ma,ga/cluster_2/ri_145_ma.png,asc,asc,asc
ga,ga_cluster_2,ri,sa,ri_sa,ga/cluster_2/ri_120_sa.png,asc,desc,desc
ga,ga_cluster_2,ma,ri,ma_ri,ga/cluster_2/ma_111_ri.png,desc,desc,desc
ga,ga_cluster_2,ri,ma,ri_ma,ga/cluster_2/ri_159_ma.png,asc,asc,asc
ga,ga_cluster_2,ma,ri,ma_ri,ga/cluster_2/ma_96_ri.png,desc,desc,desc
ga,ga_cluster_2,ri,sa,ri_sa,ga/cluster_2/ri_128_sa.png,asc,desc,desc
ga,ga_cluster_2,ri,sa,ri_sa,ga/cluster_2/ri_15_sa.png,asc,desc,desc
ga,ga_cluster_2,ri,ma,ri_ma,ga/cluster_2/ri_118_ma.png,asc,asc,asc
ga,ga_cluster_2,ri,ma,ri_ma,ga/cluster_2/ri_169_ma.png,asc,asc,asc
ga,ga_cluster_2,ri,ma,ri_ma,ga/cluster_2/ri_56_ma.png,asc,asc,asc
ga,ga_cluster_2,ri,ma,ri_ma,ga/cluster_2/ri_139_ma.png,asc,asc,asc
ga,ga_cluster_2,ri,ma,ri_ma,ga/cluster_2/ri_88_ma.png,asc,asc,asc
ga,ga_cluster_2,ri,ma,ri_ma,ga/cluster_2/ri_20_ma.png,asc,asc,asc
ga,ga_cluster_2,ri,ma,ri_ma,ga/cluster_2/ri_90_ma.png,asc,asc,asc
ga,ga_cluster_2,ri,ma,ri_ma,ga/cluster_2/ri_133_ma.png,asc,asc,asc
ga,ga_cluster_2,ri,ma,ri_ma,ga/cluster_2/ri_71_ma.png,asc,asc,asc
ga,ga_cluster_2,ma,ri,ma_ri,ga/cluster_2/ma_85_ri.png,desc,desc,desc
ga,ga_cluster_2,ri,ma,ri_ma,ga/cluster_2/ri_28_ma.png,asc,asc,asc
ga,ga_cluster_2,ma,ri,ma_ri,ga/cluster_2/ma_87_ri.png,desc,desc,desc
ga,ga_cluster_2,ma,ri,ma_ri,ga/cluster_2/ma_95_ri.png,desc,desc,desc
ga,ga_cluster_2,ri,ma,ri_ma,ga/cluster_2/ri_107_ma.png,asc,asc,asc
ga,ga_cluster_2,ri,ma,ri_ma,ga/cluster_2/ri_123_ma.png,asc,asc,asc
ga,ga_cluster_2,ri,ma,ri_ma,ga/cluster_2/ri_131_ma.png,asc,asc,asc
ga,ga_cluster_5,pa,ri,pa_ri,ga/cluster_5/pa_130_ri.png,desc,desc,desc
ga,ga_cluster_5,ma,ri,ma_ri,ga/cluster_5/ma_129_ri.png,desc,desc,desc
ga,ga_cluster_5,ma,ri,ma_ri,ga/cluster_5/ma_63_ri.png,desc,desc,desc
ga,ga_cluster_5,pa,ri,pa_ri,ga/cluster_5/pa_23_ri.png,desc,desc,desc
ga,ga_cluster_5,pa,ri,pa_ri,ga/cluster_5/pa_40_ri.png,desc,desc,desc
ga,ga_cluster_5,ma,ri,ma_ri,ga/cluster_5/ma_4_ri.png,desc,desc,desc
ga,ga_cluster_5,ma,ri,ma_ri,ga/cluster_5/ma_38_ri.png,desc,desc,desc
ga,ga_cluster_5,pa,ri,pa_ri,ga/cluster_5/pa_151_ri.png,desc,desc,desc
ga,ga_cluster_5,ma,ri,ma_ri,ga/cluster_5/ma_57_ri.png,desc,desc,desc
ga,ga_cluster_5,ma,ri,ma_ri,ga/cluster_5/ma_49_ri.png,desc,desc,desc
ga,ga_cluster_5,pa,ri,pa_ri,ga/cluster_5/pa_81_ri.png,desc,desc,desc
ga,ga_cluster_5,ma,ri,ma_ri,ga/cluster_5/ma_65_ri.png,desc,desc,desc
ga,ga_cluster_5,ma,ri,ma_ri,ga/cluster_5/ma_22_ri.png,desc,desc,desc
ga,ga_cluster_5,ma,ri,ma_ri,ga/cluster_5/ma_178_ri.png,desc,desc,desc
ga,ga_cluster_5,ma,ri,ma_ri,ga/cluster_5/ma_51_ri.png,desc,desc,desc
ga,ga_cluster_5,ma,ri,ma_ri,ga/cluster_5/ma_83_ri.png,desc,desc,desc
ga,ga_cluster_5,ma,ri,ma_ri,ga/cluster_5/ma_62_ri.png,desc,desc,desc
ga,ga_cluster_5,ma,ri,ma_ri,ga/cluster_5/ma_60_ri.png,desc,desc,desc
ga,ga_cluster_5,ma,ri,ma_ri,ga/cluster_5/ma_39_ri.png,desc,desc,desc
ga,ga_cluster_5,pa,ri,pa_ri,ga/cluster_5/pa_154_ri.png,desc,desc,desc
ga,ga_cluster_5,ma,ri,ma_ri,ga/cluster_5/ma_177_ri.png,desc,desc,desc
ga,ga_cluster_5,ma,ri,ma_ri,ga/cluster_5/ma_122_ri.png,desc,desc,desc
ga,ga_cluster_5,ma,ri,ma_ri,ga/cluster_5/ma_99_ri.png,desc,desc,desc
ga,ga_cluster_5,ma,ri,ma_ri,ga/cluster_5/ma_42_ri.png,desc,desc,desc
ga,ga_cluster_5,ma,ri,ma_ri,ga/cluster_5/ma_104_ri.png,desc,desc,desc
ga,ga_cluster_5,ma,ri,ma_ri,ga/cluster_5/ma_33_ri.png,desc,desc,desc
ga,ga_cluster_4,ni,ri,ni_ri,ga/cluster_4/ni_12_ri.png,asc,desc,asc
ga,ga_cluster_4,ni,ri,ni_ri,ga/cluster_4/ni_43_ri.png,asc,desc,asc
ga,ga_cluster_4,ni,ri,ni_ri,ga/cluster_4/ni_16_ri.png,asc,desc,asc
ga,ga_cluster_4,ni,ri,ni_ri,ga/cluster_4/ni_13_ri.png,asc,desc,asc
ga,ga_cluster_4,ni,ri,ni_ri,ga/cluster_4/ni_31_ri.png,asc,desc,asc
ga,ga_cluster_4,ni,ri,ni_ri,ga/cluster_4/ni_17_ri.png,asc,desc,asc
ga,ga_cluster_3,sa,ma,sa_ma,ga/cluster_3/sa_103_ma.png,asc,asc,asc
ga,ga_cluster_3,ri,ri,ri_ri,ga/cluster_3/ri_14_ri.png,asc,desc,same
ga,ga_cluster_3,ri,ma,ri_ma,ga/cluster_3/ri_126_ma.png,asc,asc,asc
ga,ga_cluster_3,ri,ma,ri_ma,ga/cluster_3/ri_64_ma.png,asc,asc,asc
ga,ga_cluster_3,ri,ma,ri_ma,ga/cluster_3/ri_76_ma.png,asc,asc,asc
ga,ga_cluster_3,ri,ma,ri_ma,ga/cluster_3/ri_52_ma.png,asc,asc,asc
ga,ga_cluster_3,ri,ma,ri_ma,ga/cluster_3/ri_74_ma.png,asc,asc,asc
ga,ga_cluster_3,ri,ma,ri_ma,ga/cluster_3/ri_66_ma.png,asc,asc,asc
ga,ga_cluster_3,ri,ma,ri_ma,ga/cluster_3/ri_78_ma.png,asc,asc,asc
ga,ga_cluster_3,ri,ma,ri_ma,ga/cluster_3/ri_147_ma.png,asc,asc,asc
ga,ga_cluster_3,ri,ri,ri_ri,ga/cluster_3/ri_174_ri.png,asc,desc,same
ga,ga_cluster_3,ri,ma,ri_ma,ga/cluster_3/ri_29_ma.png,asc,asc,asc
ga,ga_cluster_3,ri,ma,ri_ma,ga/cluster_3/ri_37_ma.png,asc,asc,asc
ga,ga_cluster_3,ma,ri,ma_ri,ga/cluster_3/ma_77_ri.png,desc,desc,desc
ga,ga_cluster_3,ri,ma,ri_ma,ga/cluster_3/ri_179_ma.png,asc,asc,asc
ga,ga_cluster_3,ri,ri,ri_ri,ga/cluster_3/ri_10_ri.png,asc,desc,same
ga,ga_cluster_3,ma,ri,ma_ri,ga/cluster_3/ma_75_ri.png,desc,desc,desc
ga,ga_cluster_3,ri,ma,ri_ma,ga/cluster_3/ri_141_ma.png,asc,asc,asc
ga,ga_cluster_3,ri,ma,ri_ma,ga/cluster_3/ri_41_ma.png,asc,asc,asc
ga,ga_cluster_3,ri,ma,ri_ma,ga/cluster_3/ri_1_ma.png,asc,asc,asc
ga,ga_cluster_3,ri,ma,ri_ma,ga/cluster_3/ri_84_ma.png,asc,asc,asc
ga,ga_cluster_3,sa,ma,sa_ma,ga/cluster_3/sa_26_ma.png,asc,asc,asc
ga,ga_cluster_3,ri,ma,ri_ma,ga/cluster_3/ri_24_ma.png,asc,asc,asc
ga,ga_cluster_3,silence,ma,silence_ma,ga/cluster_3/silence_18_ma.png,from_silence,asc,from_silence
ga,ga_cluster_3,ri,ma,ri_ma,ga/cluster_3/ri_9_ma.png,asc,asc,asc
ga,ga_cluster_3,ri,ma,ri_ma,ga/cluster_3/ri_61_ma.png,asc,asc,asc
ga,ga_cluster_3,ri,ma,ri_ma,ga/cluster_3/ri_45_ma.png,asc,asc,asc
ga,ga_cluster_3,ma,ri,ma_ri,ga/cluster_3/ma_108_ri.png,desc,desc,desc
ga,ga_cluster_3,ri,ma,ri_ma,ga/cluster_3/ri_152_ma.png,asc,asc,asc
ni,ni_cluster_6,sa,dha,sa_dha,ni/cluster_6/sa_31_dha.png,desc,desc,desc
ni,ni_cluster_6,ri,dha,ri_dha,ni/cluster_6/ri_55_dha.png,desc,desc,desc
ni,ni_cluster_6,sa,dha,sa_dha,ni/cluster_6/sa_59_dha.png,desc,desc,desc
ni,ni_cluster_6,sa,dha,sa_dha,ni/cluster_6/sa_40_dha.png,desc,desc,desc
ni,ni_cluster_6,sa,dha,sa_dha,ni/cluster_6/sa_48_dha.png,desc,desc,desc
ni,ni_cluster_6,sa,dha,sa_dha,ni/cluster_6/sa_58_dha.png,desc,desc,desc
ni,ni_cluster_6,ri,dha,ri_dha,ni/cluster_6/ri_65_dha.png,desc,desc,desc
ni,ni_cluster_6,ri,dha,ri_dha,ni/cluster_6/ri_50_dha.png,desc,desc,desc
ni,ni_cluster_1,ri,sa,ri_sa,ni/cluster_1/ri_29_sa.png,desc,asc,desc
ni,ni_cluster_1,sa,dha,sa_dha,ni/cluster_1/sa_42_dha.png,desc,desc,desc
ni,ni_cluster_1,pa,dha,pa_dha,ni/cluster_1/pa_28_dha.png,asc,desc,asc
ni,ni_cluster_1,ri,sa,ri_sa,ni/cluster_1/ri_52_sa.png,desc,asc,desc
ni,ni_cluster_1,pa,dha,pa_dha,ni/cluster_1/pa_34_dha.png,asc,desc,asc
ni,ni_cluster_1,pa,dha,pa_dha,ni/cluster_1/pa_24_dha.png,asc,desc,asc
ni,ni_cluster_1,ri,sa,ri_sa,ni/cluster_1/ri_12_sa.png,desc,asc,desc
ni,ni_cluster_1,pa,dha,pa_dha,ni/cluster_1/pa_47_dha.png,asc,desc,asc
ni,ni_cluster_1,pa,dha,pa_dha,ni/cluster_1/pa_25_dha.png,asc,desc,asc
ni,ni_cluster_1,pa,dha,pa_dha,ni/cluster_1/pa_35_dha.png,asc,desc,asc
ni,ni_cluster_1,pa,dha,pa_dha,ni/cluster_1/pa_37_dha.png,asc,desc,asc
ni,ni_cluster_1,pa,dha,pa_dha,ni/cluster_1/pa_27_dha.png,asc,desc,asc
ni,ni_cluster_1,pa,dha,pa_dha,ni/cluster_1/pa_45_dha.png,asc,desc,asc
ni,ni_cluster_1,pa,dha,pa_dha,ni/cluster_1/pa_26_dha.png,asc,desc,asc
ni,ni_cluster_1,pa,dha,pa_dha,ni/cluster_1/pa_36_dha.png,asc,desc,asc
ni,ni_cluster_0,dha,sa,dha_sa,ni/cluster_0/dha_11_sa.png,asc,asc,asc
ni,ni_cluster_0,dha,sa,dha_sa,ni/cluster_0/dha_33_sa.png,asc,asc,asc
ni,ni_cluster_0,dha,dha,dha_dha,ni/cluster_0/dha_69_dha.png,asc,desc,same
ni,ni_cluster_0,dha,sa,dha_sa,ni/cluster_0/dha_4_sa.png,asc,asc,asc
ni,ni_cluster_0,dha,ni,dha_ni,ni/cluster_0/dha_20_ni.png,asc,same,asc
ni,ni_cluster_0,dha,ni,dha_ni,ni/cluster_0/dha_22_ni.png,asc,same,asc
ni,ni_cluster_0,dha,sa,dha_sa,ni/cluster_0/dha_9_sa.png,asc,asc,asc
ni,ni_cluster_2,sa,dha,sa_dha,ni/cluster_2/sa_43_dha.png,desc,desc,desc
ni,ni_cluster_2,sa,dha,sa_dha,ni/cluster_2/sa_53_dha.png,desc,desc,desc
ni,ni_cluster_2,sa,dha,sa_dha,ni/cluster_2/sa_39_dha.png,desc,desc,desc
ni,ni_cluster_2,ri,dha,ri_dha,ni/cluster_2/ri_68_dha.png,desc,desc,desc
ni,ni_cluster_2,ri,ri,ri_ri,ni/cluster_2/ri_49_ri.png,desc,asc,same
ni,ni_cluster_2,sa,dha,sa_dha,ni/cluster_2/sa_51_dha.png,desc,desc,desc
ni,ni_cluster_2,sa,dha,sa_dha,ni/cluster_2/sa_8_dha.png,desc,desc,desc
ni,ni_cluster_2,ri,dha,ri_dha,ni/cluster_2/ri_64_dha.png,desc,desc,desc
ni,ni_cluster_2,ri,ri,ri_ri,ni/cluster_2/ri_54_ri.png,desc,asc,same
ni,ni_cluster_2,sa,dha,sa_dha,ni/cluster_2/sa_71_dha.png,desc,desc,desc
ni,ni_cluster_2,sa,dha,sa_dha,ni/cluster_2/sa_46_dha.png,desc,desc,desc
ni,ni_cluster_5,dha,sa,dha_sa,ni/cluster_5/dha_60_sa.png,asc,asc,asc
ni,ni_cluster_5,dha,sa,dha_sa,ni/cluster_5/dha_70_sa.png,asc,asc,asc
ni,ni_cluster_5,sa,sa,sa_sa,ni/cluster_5/sa_63_sa.png,desc,asc,same
ni,ni_cluster_5,dha,sa,dha_sa,ni/cluster_5/dha_66_sa.png,asc,asc,asc
ni,ni_cluster_5,dha,sa,dha_sa,ni/cluster_5/dha_74_sa.png,asc,asc,asc
ni,ni_cluster_5,dha,sa,dha_sa,ni/cluster_5/dha_5_sa.png,asc,asc,asc
ni,ni_cluster_5,dha,sa,dha_sa,ni/cluster_5/dha_1_sa.png,asc,asc,asc
ni,ni_cluster_5,dha,sa,dha_sa,ni/cluster_5/dha_61_sa.png,asc,asc,asc
ni,ni_cluster_5,dha,sa,dha_sa,ni/cluster_5/dha_73_sa.png,asc,asc,asc
ni,ni_cluster_5,sa,dha,sa_dha,ni/cluster_5/sa_44_dha.png,desc,desc,desc
ni,ni_cluster_5,sa,sa,sa_sa,ni/cluster_5/sa_21_sa.png,desc,asc,same
ni,ni_cluster_5,dha,sa,dha_sa,ni/cluster_5/dha_7_sa.png,asc,asc,asc
ni,ni_cluster_4,ri,sa,ri_sa,ni/cluster_4/ri_56_sa.png,desc,asc,desc
ni,ni_cluster_4,ri,sa,ri_sa,ni/cluster_4/ri_32_sa.png,desc,asc,desc
ni,ni_cluster_4,silence,sa,silence_sa,ni/cluster_4/silence_6_sa.png,from_silence,asc,from_silence
ni,ni_cluster_4,ri,sa,ri_sa,ni/cluster_4/ri_41_sa.png,desc,asc,desc
ni,ni_cluster_4,ri,sa,ri_sa,ni/cluster_4/ri_18_sa.png,desc,asc,desc
ni,ni_cluster_3,sa,ga,sa_ga,ni/cluster_3/sa_19_ga.png,desc,asc,asc
ni,ni_cluster_3,sa,dha,sa_dha,ni/cluster_3/sa_14_dha.png,desc,desc,desc
ni,ni_cluster_3,sa,sa,sa_sa,ni/cluster_3/sa_72_sa.png,desc,asc,same
ni,ni_cluster_3,sa,ga,sa_ga,ni/cluster_3/sa_13_ga.png,desc,asc,asc
ni,ni_cluster_3,ni,dha,ni_dha,ni/cluster_3/ni_10_dha.png,same,desc,desc
ni,ni_cluster_3,dha,sa,dha_sa,ni/cluster_3/dha_23_sa.png,asc,asc,asc
ni,ni_cluster_3,dha,sa,dha_sa,ni/cluster_3/dha_15_sa.png,asc,asc,asc
ni,ni_cluster_3,sa,ga,sa_ga,ni/cluster_3/sa_16_ga.png,desc,asc,asc
ni,ni_cluster_3,sa,dha,sa_dha,ni/cluster_3/sa_57_dha.png,desc,desc,desc
ni,ni_cluster_3,ni,dha,ni_dha,ni/cluster_3/ni_3_dha.png,same,desc,desc
ni,ni_cluster_3,silence,silence,silence_silence,ni/cluster_3/silence_0_silence.png,from_silence,to_silence,to_silence
ni,ni_cluster_3,sa,ni,sa_ni,ni/cluster_3/sa_2_ni.png,desc,same,desc
ma,ma_cluster_6,ga,pa,ga_pa,ma/cluster_6/ga_98_pa.png,asc,asc,asc
ma,ma_cluster_6,ga,ga,ga_ga,ma/cluster_6/ga_93_ga.png,asc,desc,same
ma,ma_cluster_6,pa,ga,pa_ga,ma/cluster_6/pa_73_ga.png,desc,desc,desc
ma,ma_cluster_6,ga,ga,ga_ga,ma/cluster_6/ga_100_ga.png,asc,desc,same
ma,ma_cluster_6,ga,pa,ga_pa,ma/cluster_6/ga_0_pa.png,asc,asc,asc
ma,ma_cluster_6,ga,pa,ga_pa,ma/cluster_6/ga_4_pa.png,asc,asc,asc
ma,ma_cluster_6,ga,ga,ga_ga,ma/cluster_6/ga_21_ga.png,asc,desc,same
ma,ma_cluster_6,ga,ga,ga_ga,ma/cluster_6/ga_122_ga.png,asc,desc,same
ma,ma_cluster_6,ga,pa,ga_pa,ma/cluster_6/ga_49_pa.png,asc,asc,asc
ma,ma_cluster_6,silence,pa,silence_pa,ma/cluster_6/silence_37_pa.png,from_silence,asc,from_silence
ma,ma_cluster_6,ga,ga,ga_ga,ma/cluster_6/ga_71_ga.png,asc,desc,same
ma,ma_cluster_6,ga,pa,ga_pa,ma/cluster_6/ga_68_pa.png,asc,asc,asc
ma,ma_cluster_6,ga,ga,ga_ga,ma/cluster_6/ga_63_ga.png,asc,desc,same
ma,ma_cluster_6,ga,pa,ga_pa,ma/cluster_6/ga_114_pa.png,asc,asc,asc
ma,ma_cluster_6,ga,pa,ga_pa,ma/cluster_6/ga_89_pa.png,asc,asc,asc
ma,ma_cluster_6,ga,pa,ga_pa,ma/cluster_6/ga_91_pa.png,asc,asc,asc
ma,ma_cluster_6,ga,pa,ga_pa,ma/cluster_6/ga_70_pa.png,asc,asc,asc
ma,ma_cluster_1,pa,ga,pa_ga,ma/cluster_1/pa_92_ga.png,desc,desc,desc
ma,ma_cluster_1,pa,ga,pa_ga,ma/cluster_1/pa_101_ga.png,desc,desc,desc
ma,ma_cluster_1,pa,ga,pa_ga,ma/cluster_1/pa_34_ga.png,desc,desc,desc
ma,ma_cluster_1,pa,ga,pa_ga,ma/cluster_1/pa_61_ga.png,desc,desc,desc
ma,ma_cluster_1,dha,pa,dha_pa,ma/cluster_1/dha_125_pa.png,desc,asc,desc
ma,ma_cluster_1,pa,ga,pa_ga,ma/cluster_1/pa_59_ga.png,desc,desc,desc
ma,ma_cluster_1,pa,ga,pa_ga,ma/cluster_1/pa_82_ga.png,desc,desc,desc
ma,ma_cluster_1,dha,ga,dha_ga,ma/cluster_1/dha_23_ga.png,desc,desc,desc
ma,ma_cluster_1,pa,ga,pa_ga,ma/cluster_1/pa_43_ga.png,desc,desc,desc
ma,ma_cluster_1,pa,ga,pa_ga,ma/cluster_1/pa_96_ga.png,desc,desc,desc
ma,ma_cluster_1,pa,ga,pa_ga,ma/cluster_1/pa_88_ga.png,desc,desc,desc
ma,ma_cluster_1,pa,ga,pa_ga,ma/cluster_1/pa_105_ga.png,desc,desc,desc
ma,ma_cluster_1,pa,ga,pa_ga,ma/cluster_1/pa_65_ga.png,desc,desc,desc
ma,ma_cluster_1,pa,ga,pa_ga,ma/cluster_1/pa_41_ga.png,desc,desc,desc
ma,ma_cluster_1,dha,ga,dha_ga,ma/cluster_1/dha_17_ga.png,desc,desc,desc
ma,ma_cluster_1,pa,ga,pa_ga,ma/cluster_1/pa_60_ga.png,desc,desc,desc
ma,ma_cluster_1,pa,ga,pa_ga,ma/cluster_1/pa_39_ga.png,desc,desc,desc
ma,ma_cluster_1,pa,ga,pa_ga,ma/cluster_1/pa_48_ga.png,desc,desc,desc
ma,ma_cluster_1,pa,ga,pa_ga,ma/cluster_1/pa_128_ga.png,desc,desc,desc
ma,ma_cluster_1,pa,pa,pa_pa,ma/cluster_1/pa_109_pa.png,desc,asc,same
ma,ma_cluster_1,pa,ga,pa_ga,ma/cluster_1/pa_58_ga.png,desc,desc,desc
ma,ma_cluster_1,pa,ga,pa_ga,ma/cluster_1/pa_46_ga.png,desc,desc,desc
ma,ma_cluster_1,pa,ga,pa_ga,ma/cluster_1/pa_99_ga.png,desc,desc,desc
ma,ma_cluster_1,pa,ga,pa_ga,ma/cluster_1/pa_95_ga.png,desc,desc,desc
ma,ma_cluster_1,dha,pa,dha_pa,ma/cluster_1/dha_120_pa.png,desc,asc,desc
ma,ma_cluster_1,pa,ga,pa_ga,ma/cluster_1/pa_3_ga.png,desc,desc,desc
ma,ma_cluster_1,pa,ga,pa_ga,ma/cluster_1/pa_66_ga.png,desc,desc,desc
ma,ma_cluster_1,ga,ga,ga_ga,ma/cluster_1/ga_94_ga.png,asc,desc,same
ma,ma_cluster_1,pa,ga,pa_ga,ma/cluster_1/pa_1_ga.png,desc,desc,desc
ma,ma_cluster_1,pa,ga,pa_ga,ma/cluster_1/pa_31_ga.png,desc,desc,desc
ma,ma_cluster_1,dha,ga,dha_ga,ma/cluster_1/dha_20_ga.png,desc,desc,desc
ma,ma_cluster_1,pa,ga,pa_ga,ma/cluster_1/pa_76_ga.png,desc,desc,desc
ma,ma_cluster_1,dha,pa,dha_pa,ma/cluster_1/dha_106_pa.png,desc,asc,desc
ma,ma_cluster_0,pa,ga,pa_ga,ma/cluster_0/pa_129_ga.png,desc,desc,desc
ma,ma_cluster_0,pa,pa,pa_pa,ma/cluster_0/pa_118_pa.png,desc,asc,same
ma,ma_cluster_0,pa,ga,pa_ga,ma/cluster_0/pa_135_ga.png,desc,desc,desc
ma,ma_cluster_0,dha,pa,dha_pa,ma/cluster_0/dha_55_pa.png,desc,asc,desc
ma,ma_cluster_0,dha,pa,dha_pa,ma/cluster_0/dha_36_pa.png,desc,asc,desc
ma,ma_cluster_0,dha,pa,dha_pa,ma/cluster_0/dha_47_pa.png,desc,asc,desc
ma,ma_cluster_0,dha,pa,dha_pa,ma/cluster_0/dha_117_pa.png,desc,asc,desc
ma,ma_cluster_0,pa,ga,pa_ga,ma/cluster_0/pa_115_ga.png,desc,desc,desc
ma,ma_cluster_0,pa,ga,pa_ga,ma/cluster_0/pa_131_ga.png,desc,desc,desc
ma,ma_cluster_0,ga,pa,ga_pa,ma/cluster_0/ga_45_pa.png,asc,asc,asc
ma,ma_cluster_0,pa,ga,pa_ga,ma/cluster_0/pa_133_ga.png,desc,desc,desc
ma,ma_cluster_0,dha,pa,dha_pa,ma/cluster_0/dha_38_pa.png,desc,asc,desc
ma,ma_cluster_0,pa,ga,pa_ga,ma/cluster_0/pa_44_ga.png,desc,desc,desc
ma,ma_cluster_0,pa,ga,pa_ga,ma/cluster_0/pa_81_ga.png,desc,desc,desc
ma,ma_cluster_0,dha,pa,dha_pa,ma/cluster_0/dha_33_pa.png,desc,asc,desc
ma,ma_cluster_0,dha,pa,dha_pa,ma/cluster_0/dha_50_pa.png,desc,asc,desc
ma,ma_cluster_0,dha,pa,dha_pa,ma/cluster_0/dha_124_pa.png,desc,asc,desc
ma,ma_cluster_0,dha,pa,dha_pa,ma/cluster_0/dha_54_pa.png,desc,asc,desc
ma,ma_cluster_0,dha,pa,dha_pa,ma/cluster_0/dha_56_pa.png,desc,asc,desc
ma,ma_cluster_0,pa,ga,pa_ga,ma/cluster_0/pa_64_ga.png,desc,desc,desc
ma,ma_cluster_0,pa,ga,pa_ga,ma/cluster_0/pa_97_ga.png,desc,desc,desc
ma,ma_cluster_7,pa,ga,pa_ga,ma/cluster_7/pa_113_ga.png,desc,desc,desc
ma,ma_cluster_7,ga,pa,ga_pa,ma/cluster_7/ga_2_pa.png,asc,asc,asc
ma,ma_cluster_7,ga,pa,ga_pa,ma/cluster_7/ga_10_pa.png,asc,asc,asc
ma,ma_cluster_7,silence,pa,silence_pa,ma/cluster_7/silence_32_pa.png,from_silence,asc,from_silence
ma,ma_cluster_7,pa,ga,pa_ga,ma/cluster_7/pa_69_ga.png,desc,desc,desc
ma,ma_cluster_7,pa,ga,pa_ga,ma/cluster_7/pa_5_ga.png,desc,desc,desc
ma,ma_cluster_7,ga,pa,ga_pa,ma/cluster_7/ga_15_pa.png,asc,asc,asc
ma,ma_cluster_7,ga,pa,ga_pa,ma/cluster_7/ga_19_pa.png,asc,asc,asc
ma,ma_cluster_7,silence,pa,silence_pa,ma/cluster_7/silence_35_pa.png,from_silence,asc,from_silence
ma,ma_cluster_7,silence,pa,silence_pa,ma/cluster_7/silence_132_pa.png,from_silence,asc,from_silence
ma,ma_cluster_2,ga,ga,ga_ga,ma/cluster_2/ga_27_ga.png,asc,desc,same
ma,ma_cluster_2,ga,pa,ga_pa,ma/cluster_2/ga_16_pa.png,asc,asc,asc
ma,ma_cluster_2,ga,ga,ga_ga,ma/cluster_2/ga_110_ga.png,asc,desc,same
ma,ma_cluster_2,ga,pa,ga_pa,ma/cluster_2/ga_53_pa.png,asc,asc,asc
ma,ma_cluster_2,ga,pa,ga_pa,ma/cluster_2/ga_22_pa.png,asc,asc,asc
ma,ma_cluster_2,ga,ga,ga_ga,ma/cluster_2/ga_25_ga.png,asc,desc,same
ma,ma_cluster_2,ga,ga,ga_ga,ma/cluster_2/ga_62_ga.png,asc,desc,same
ma,ma_cluster_2,ga,pa,ga_pa,ma/cluster_2/ga_8_pa.png,asc,asc,asc
ma,ma_cluster_2,ga,ga,ga_ga,ma/cluster_2/ga_78_ga.png,asc,desc,same
ma,ma_cluster_2,ga,pa,ga_pa,ma/cluster_2/ga_57_pa.png,asc,asc,asc
ma,ma_cluster_2,ga,pa,ga_pa,ma/cluster_2/ga_12_pa.png,asc,asc,asc
ma,ma_cluster_2,ga,pa,ga_pa,ma/cluster_2/ga_28_pa.png,asc,asc,asc
ma,ma_cluster_2,ga,ga,ga_ga,ma/cluster_2/ga_80_ga.png,asc,desc,same
ma,ma_cluster_2,ga,pa,ga_pa,ma/cluster_2/ga_40_pa.png,asc,asc,asc
ma,ma_cluster_2,ga,ga,ga_ga,ma/cluster_2/ga_79_ga.png,asc,desc,same
ma,ma_cluster_2,ga,pa,ga_pa,ma/cluster_2/ga_134_pa.png,asc,asc,asc
ma,ma_cluster_2,ga,ga,ga_ga,ma/cluster_2/ga_119_ga.png,asc,desc,same
ma,ma_cluster_2,ga,ga,ga_ga,ma/cluster_2/ga_14_ga.png,asc,desc,same
ma,ma_cluster_2,ga,ga,ga_ga,ma/cluster_2/ga_18_ga.png,asc,desc,same
ma,ma_cluster_5,ga,ga,ga_ga,ma/cluster_5/ga_72_ga.png,asc,desc,same
ma,ma_cluster_5,ga,ga,ga_ga,ma/cluster_5/ga_74_ga.png,asc,desc,same
ma,ma_cluster_5,ga,ga,ga_ga,ma/cluster_5/ga_85_ga.png,asc,desc,same
ma,ma_cluster_5,ga,ga,ga_ga,ma/cluster_5/ga_86_ga.png,asc,desc,same
ma,ma_cluster_4,dha,ga,dha_ga,ma/cluster_4/dha_29_ga.png,desc,desc,desc
ma,ma_cluster_4,dha,pa,dha_pa,ma/cluster_4/dha_111_pa.png,desc,asc,desc
ma,ma_cluster_4,pa,ga,pa_ga,ma/cluster_4/pa_24_ga.png,desc,desc,desc
ma,ma_cluster_4,pa,ga,pa_ga,ma/cluster_4/pa_103_ga.png,desc,desc,desc
ma,ma_cluster_4,pa,ga,pa_ga,ma/cluster_4/pa_90_ga.png,desc,desc,desc
ma,ma_cluster_4,pa,ga,pa_ga,ma/cluster_4/pa_67_ga.png,desc,desc,desc
ma,ma_cluster_4,pa,ga,pa_ga,ma/cluster_4/pa_51_ga.png,desc,desc,desc
ma,ma_cluster_4,pa,ga,pa_ga,ma/cluster_4/pa_107_ga.png,desc,desc,desc
ma,ma_cluster_4,pa,ga,pa_ga,ma/cluster_4/pa_30_ga.png,desc,desc,desc
ma,ma_cluster_4,dha,pa,dha_pa,ma/cluster_4/dha_102_pa.png,desc,asc,desc
ma,ma_cluster_4,pa,ga,pa_ga,ma/cluster_4/pa_11_ga.png,desc,desc,desc
ma,ma_cluster_4,pa,ga,pa_ga,ma/cluster_4/pa_9_ga.png,desc,desc,desc
ma,ma_cluster_4,pa,ga,pa_ga,ma/cluster_4/pa_83_ga.png,desc,desc,desc
ma,ma_cluster_4,pa,ga,pa_ga,ma/cluster_4/pa_13_ga.png,desc,desc,desc
ma,ma_cluster_4,dha,ga,dha_ga,ma/cluster_4/dha_26_ga.png,desc,desc,desc
ma,ma_cluster_4,pa,ga,pa_ga,ma/cluster_4/pa_7_ga.png,desc,desc,desc
ma,ma_cluster_4,pa,ga,pa_ga,ma/cluster_4/pa_87_ga.png,desc,desc,desc
ma,ma_cluster_3,silence,pa,silence_pa,ma/cluster_3/silence_6_pa.png,from_silence,asc,from_silence
ma,ma_cluster_3,ga,pa,ga_pa,ma/cluster_3/ga_77_pa.png,asc,asc,asc
ma,ma_cluster_3,pa,ga,pa_ga,ma/cluster_3/pa_75_ga.png,desc,desc,desc
ma,ma_cluster_3,ga,ga,ga_ga,ma/cluster_3/ga_127_ga.png,asc,desc,same
ma,ma_cluster_3,ga,pa,ga_pa,ma/cluster_3/ga_104_pa.png,asc,asc,asc
ma,ma_cluster_3,ga,pa,ga_pa,ma/cluster_3/ga_42_pa.png,asc,asc,asc
ma,ma_cluster_3,ga,pa,ga_pa,ma/cluster_3/ga_108_pa.png,asc,asc,asc
ma,ma_cluster_3,ga,pa,ga_pa,ma/cluster_3/ga_130_pa.png,asc,asc,asc
ma,ma_cluster_3,ga,pa,ga_pa,ma/cluster_3/ga_52_pa.png,asc,asc,asc
ma,ma_cluster_3,ga,pa,ga_pa,ma/cluster_3/ga_126_pa.png,asc,asc,asc
ma,ma_cluster_3,ga,pa,ga_pa,ma/cluster_3/ga_112_pa.png,asc,asc,asc
dha,dha_cluster_8,pa,pa,pa_pa,dha/cluster_8/pa_42_pa.png,asc,desc,same
dha,dha_cluster_8,pa,ma,pa_ma,dha/cluster_8/pa_53_ma.png,asc,desc,desc
dha,dha_cluster_8,pa,ni,pa_ni,dha/cluster_8/pa_12_ni.png,asc,asc,asc
dha,dha_cluster_8,pa,ni,pa_ni,dha/cluster_8/pa_73_ni.png,asc,asc,asc
dha,dha_cluster_8,pa,ni,pa_ni,dha/cluster_8/pa_8_ni.png,asc,asc,asc
dha,dha_cluster_8,ni,pa,ni_pa,dha/cluster_8/ni_46_pa.png,desc,desc,desc
dha,dha_cluster_8,pa,ni,pa_ni,dha/cluster_8/pa_1_ni.png,asc,asc,asc
dha,dha_cluster_8,pa,ni,pa_ni,dha/cluster_8/pa_3_ni.png,asc,asc,asc
dha,dha_cluster_8,pa,ni,pa_ni,dha/cluster_8/pa_35_ni.png,asc,asc,asc
dha,dha_cluster_6,ni,pa,ni_pa,dha/cluster_6/ni_49_pa.png,desc,desc,desc
dha,dha_cluster_6,ni,ni,ni_ni,dha/cluster_6/ni_62_ni.png,desc,asc,same
dha,dha_cluster_6,silence,pa,silence_pa,dha/cluster_6/silence_45_pa.png,from_silence,desc,from_silence
dha,dha_cluster_6,pa,pa,pa_pa,dha/cluster_6/pa_39_pa.png,asc,desc,same
dha,dha_cluster_6,ni,ma,ni_ma,dha/cluster_6/ni_33_ma.png,desc,desc,desc
dha,dha_cluster_6,pa,ma,pa_ma,dha/cluster_6/pa_27_ma.png,asc,desc,desc
dha,dha_cluster_6,silence,pa,silence_pa,dha/cluster_6/silence_31_pa.png,from_silence,desc,from_silence
dha,dha_cluster_6,ni,ma,ni_ma,dha/cluster_6/ni_20_ma.png,desc,desc,desc
dha,dha_cluster_6,ni,ma,ni_ma,dha/cluster_6/ni_16_ma.png,desc,desc,desc
dha,dha_cluster_1,ni,pa,ni_pa,dha/cluster_1/ni_82_pa.png,desc,desc,desc
dha,dha_cluster_1,ni,pa,ni_pa,dha/cluster_1/ni_36_pa.png,desc,desc,desc
dha,dha_cluster_1,ni,pa,ni_pa,dha/cluster_1/ni_38_pa.png,desc,desc,desc
dha,dha_cluster_1,ni,pa,ni_pa,dha/cluster_1/ni_41_pa.png,desc,desc,desc
dha,dha_cluster_1,ni,pa,ni_pa,dha/cluster_1/ni_84_pa.png,desc,desc,desc
dha,dha_cluster_1,ni,pa,ni_pa,dha/cluster_1/ni_51_pa.png,desc,desc,desc
dha,dha_cluster_1,ni,pa,ni_pa,dha/cluster_1/ni_44_pa.png,desc,desc,desc
dha,dha_cluster_1,ni,pa,ni_pa,dha/cluster_1/ni_85_pa.png,desc,desc,desc
dha,dha_cluster_1,ni,pa,ni_pa,dha/cluster_1/ni_52_pa.png,desc,desc,desc
dha,dha_cluster_0,pa,pa,pa_pa,dha/cluster_0/pa_21_pa.png,asc,desc,same
dha,dha_cluster_0,pa,pa,pa_pa,dha/cluster_0/pa_15_pa.png,asc,desc,same
dha,dha_cluster_0,pa,pa,pa_pa,dha/cluster_0/pa_19_pa.png,asc,desc,same
dha,dha_cluster_0,pa,ma,pa_ma,dha/cluster_0/pa_61_ma.png,asc,desc,desc
dha,dha_cluster_0,pa,ma,pa_ma,dha/cluster_0/pa_10_ma.png,asc,desc,desc
dha,dha_cluster_0,pa,ma,pa_ma,dha/cluster_0/pa_6_ma.png,asc,desc,desc
dha,dha_cluster_0,pa,ma,pa_ma,dha/cluster_0/pa_63_ma.png,asc,desc,desc
dha,dha_cluster_0,pa,pa,pa_pa,dha/cluster_0/pa_30_pa.png,asc,desc,same
dha,dha_cluster_0,pa,ma,pa_ma,dha/cluster_0/pa_5_ma.png,asc,desc,desc
dha,dha_cluster_0,pa,pa,pa_pa,dha/cluster_0/pa_26_pa.png,asc,desc,same
dha,dha_cluster_0,pa,pa,pa_pa,dha/cluster_0/pa_34_pa.png,asc,desc,same
dha,dha_cluster_0,pa,pa,pa_pa,dha/cluster_0/pa_28_pa.png,asc,desc,same
dha,dha_cluster_0,pa,ma,pa_ma,dha/cluster_0/pa_7_ma.png,asc,desc,desc
dha,dha_cluster_7,ni,pa,ni_pa,dha/cluster_7/ni_59_pa.png,desc,desc,desc
dha,dha_cluster_7,ni,pa,ni_pa,dha/cluster_7/ni_24_pa.png,desc,desc,desc
dha,dha_cluster_7,ni,pa,ni_pa,dha/cluster_7/ni_43_pa.png,desc,desc,desc
dha,dha_cluster_7,ni,pa,ni_pa,dha/cluster_7/ni_54_pa.png,desc,desc,desc
dha,dha_cluster_7,ni,pa,ni_pa,dha/cluster_7/ni_25_pa.png,desc,desc,desc
dha,dha_cluster_7,ni,pa,ni_pa,dha/cluster_7/ni_56_pa.png,desc,desc,desc
dha,dha_cluster_7,ni,pa,ni_pa,dha/cluster_7/ni_48_pa.png,desc,desc,desc
dha,dha_cluster_7,ni,pa,ni_pa,dha/cluster_7/ni_72_pa.png,desc,desc,desc
dha,dha_cluster_7,ni,ma,ni_ma,dha/cluster_7/ni_77_ma.png,desc,desc,desc
dha,dha_cluster_7,ni,pa,ni_pa,dha/cluster_7/ni_66_pa.png,desc,desc,desc
dha,dha_cluster_2,pa,pa,pa_pa,dha/cluster_2/pa_50_pa.png,asc,desc,same
dha,dha_cluster_2,pa,pa,pa_pa,dha/cluster_2/pa_17_pa.png,asc,desc,same
dha,dha_cluster_2,pa,pa,pa_pa,dha/cluster_2/pa_23_pa.png,asc,desc,same
dha,dha_cluster_2,pa,pa,pa_pa,dha/cluster_2/pa_40_pa.png,asc,desc,same
dha,dha_cluster_2,pa,ni,pa_ni,dha/cluster_2/pa_67_ni.png,asc,asc,asc
dha,dha_cluster_2,pa,ni,pa_ni,dha/cluster_2/pa_80_ni.png,asc,asc,asc
dha,dha_cluster_2,pa,pa,pa_pa,dha/cluster_2/pa_37_pa.png,asc,desc,same
dha,dha_cluster_2,pa,ni,pa_ni,dha/cluster_2/pa_76_ni.png,asc,asc,asc
dha,dha_cluster_2,pa,ni,pa_ni,dha/cluster_2/pa_78_ni.png,asc,asc,asc
dha,dha_cluster_2,pa,ma,pa_ma,dha/cluster_2/pa_11_ma.png,asc,desc,desc
dha,dha_cluster_2,ni,ma,ni_ma,dha/cluster_2/ni_69_ma.png,desc,desc,desc
dha,dha_cluster_2,pa,ni,pa_ni,dha/cluster_2/pa_70_ni.png,asc,asc,asc
dha,dha_cluster_2,pa,pa,pa_pa,dha/cluster_2/pa_47_pa.png,asc,desc,same
dha,dha_cluster_5,ni,pa,ni_pa,dha/cluster_5/ni_60_pa.png,desc,desc,desc
dha,dha_cluster_5,ni,ma,ni_ma,dha/cluster_5/ni_14_ma.png,desc,desc,desc
dha,dha_cluster_5,ni,ma,ni_ma,dha/cluster_5/ni_18_ma.png,desc,desc,desc
dha,dha_cluster_5,ni,pa,ni_pa,dha/cluster_5/ni_9_pa.png,desc,desc,desc
dha,dha_cluster_5,ni,ma,ni_ma,dha/cluster_5/ni_79_ma.png,desc,desc,desc
dha,dha_cluster_5,pa,ma,pa_ma,dha/cluster_5/pa_29_ma.png,asc,desc,desc
dha,dha_cluster_5,ni,ma,ni_ma,dha/cluster_5/ni_75_ma.png,desc,desc,desc
dha,dha_cluster_4,pa,ma,pa_ma,dha/cluster_4/pa_32_ma.png,asc,desc,desc
dha,dha_cluster_4,ni,pa,ni_pa,dha/cluster_4/ni_4_pa.png,desc,desc,desc
dha,dha_cluster_4,ni,pa,ni_pa,dha/cluster_4/ni_65_pa.png,desc,desc,desc
dha,dha_cluster_4,ni,pa,ni_pa,dha/cluster_4/ni_58_pa.png,desc,desc,desc
dha,dha_cluster_4,ni,pa,ni_pa,dha/cluster_4/ni_13_pa.png,desc,desc,desc
dha,dha_cluster_4,ni,pa,ni_pa,dha/cluster_4/ni_74_pa.png,desc,desc,desc
dha,dha_cluster_3,ni,ni,ni_ni,dha/cluster_3/ni_81_ni.png,desc,asc,same
dha,dha_cluster_3,pa,ni,pa_ni,dha/cluster_3/pa_57_ni.png,asc,asc,asc
dha,dha_cluster_3,ni,ni,ni_ni,dha/cluster_3/ni_68_ni.png,desc,asc,same
dha,dha_cluster_3,pa,ni,pa_ni,dha/cluster_3/pa_64_ni.png,asc,asc,asc
dha,dha_cluster_3,ni,ni,ni_ni,dha/cluster_3/ni_71_ni.png,desc,asc,same
dha,dha_cluster_3,ni,ni,ni_ni,dha/cluster_3/ni_55_ni.png,desc,asc,same
dha,dha_cluster_3,silence,ni,silence_ni,dha/cluster_3/silence_0_ni.png,from_silence,asc,from_silence
ri,ri_cluster_8,ga,ga,ga_ga,ri/cluster_8/ga_72_ga.png,desc,asc,same
ri,ri_cluster_8,ga,sa,ga_sa,ri/cluster_8/ga_145_sa.png,desc,desc,desc
ri,ri_cluster_8,ga,ga,ga_ga,ri/cluster_8/ga_54_ga.png,desc,asc,same
ri,ri_cluster_8,ga,ga,ga_ga,ri/cluster_8/ga_100_ga.png,desc,asc,same
ri,ri_cluster_8,ga,ga,ga_ga,ri/cluster_8/ga_128_ga.png,desc,asc,same
ri,ri_cluster_8,ga,ga,ga_ga,ri/cluster_8/ga_95_ga.png,desc,asc,same
ri,ri_cluster_8,ga,ga,ga_ga,ri/cluster_8/ga_66_ga.png,desc,asc,same
ri,ri_cluster_8,sa,sa,sa_sa,ri/cluster_8/sa_136_sa.png,asc,desc,same
ri,ri_cluster_8,sa,ga,sa_ga,ri/cluster_8/sa_44_ga.png,asc,asc,asc
ri,ri_cluster_8,ga,sa,ga_sa,ri/cluster_8/ga_97_sa.png,desc,desc,desc
ri,ri_cluster_8,ga,ga,ga_ga,ri/cluster_8/ga_40_ga.png,desc,asc,same
ri,ri_cluster_8,ga,sa,ga_sa,ri/cluster_8/ga_135_sa.png,desc,desc,desc
ri,ri_cluster_8,ga,ga,ga_ga,ri/cluster_8/ga_61_ga.png,desc,asc,same
ri,ri_cluster_8,ga,ni,ga_ni,ri/cluster_8/ga_88_ni.png,desc,desc,desc
ri,ri_cluster_8,silence,ni,silence_ni,ri/cluster_8/silence_82_ni.png,from_silence,desc,from_silence
ri,ri_cluster_8,ga,ga,ga_ga,ri/cluster_8/ga_59_ga.png,desc,asc,same
ri,ri_cluster_8,ga,ri,ga_ri,ri/cluster_8/ga_27_ri.png,desc,same,desc
ri,ri_cluster_8,ga,sa,ga_sa,ri/cluster_8/ga_151_sa.png,desc,desc,desc
ri,ri_cluster_8,ga,sa,ga_sa,ri/cluster_8/ga_94_sa.png,desc,desc,desc
ri,ri_cluster_8,ga,ga,ga_ga,ri/cluster_8/ga_53_ga.png,desc,asc,same
ri,ri_cluster_8,sa,ri,sa_ri,ri/cluster_8/sa_21_ri.png,asc,same,asc
ri,ri_cluster_6,ga,ga,ga_ga,ri/cluster_6/ga_60_ga.png,desc,asc,same
ri,ri_cluster_6,ga,sa,ga_sa,ri/cluster_6/ga_124_sa.png,desc,desc,desc
ri,ri_cluster_6,ga,ga,ga_ga,ri/cluster_6/ga_81_ga.png,desc,asc,same
ri,ri_cluster_6,sa,ni,sa_ni,ri/cluster_6/sa_56_ni.png,asc,desc,desc
ri,ri_cluster_6,sa,ni,sa_ni,ri/cluster_6/sa_62_ni.png,asc,desc,desc
ri,ri_cluster_6,ga,ga,ga_ga,ri/cluster_6/ga_138_ga.png,desc,asc,same
ri,ri_cluster_6,ga,silence,ga_silence,ri/cluster_6/ga_7_silence.png,desc,to_silence,to_silence
ri,ri_cluster_6,ga,ga,ga_ga,ri/cluster_6/ga_99_ga.png,desc,asc,same
ri,ri_cluster_6,sa,ga,sa_ga,ri/cluster_6/sa_58_ga.png,asc,asc,asc
ri,ri_cluster_6,sa,ni,sa_ni,ri/cluster_6/sa_150_ni.png,asc,desc,desc
ri,ri_cluster_6,sa,ga,sa_ga,ri/cluster_6/sa_125_ga.png,asc,asc,asc
ri,ri_cluster_6,ga,silence,ga_silence,ri/cluster_6/ga_8_silence.png,desc,to_silence,to_silence
ri,ri_cluster_6,ga,ga,ga_ga,ri/cluster_6/ga_80_ga.png,desc,asc,same
ri,ri_cluster_6,ga,silence,ga_silence,ri/cluster_6/ga_11_silence.png,desc,to_silence,to_silence
ri,ri_cluster_6,ga,sa,ga_sa,ri/cluster_6/ga_130_sa.png,desc,desc,desc
ri,ri_cluster_6,ga,silence,ga_silence,ri/cluster_6/ga_6_silence.png,desc,to_silence,to_silence
ri,ri_cluster_6,sa,silence,sa_silence,ri/cluster_6/sa_25_silence.png,asc,to_silence,to_silence
ri,ri_cluster_6,ga,ri,ga_ri,ri/cluster_6/ga_31_ri.png,desc,same,desc
ri,ri_cluster_6,ga,ga,ga_ga,ri/cluster_6/ga_154_ga.png,desc,asc,same
ri,ri_cluster_6,ga,sa,ga_sa,ri/cluster_6/ga_131_sa.png,desc,desc,desc
ri,ri_cluster_6,ga,sa,ga_sa,ri/cluster_6/ga_119_sa.png,desc,desc,desc
ri,ri_cluster_6,ga,ga,ga_ga,ri/cluster_6/ga_117_ga.png,desc,asc,same
ri,ri_cluster_6,ga,ga,ga_ga,ri/cluster_6/ga_67_ga.png,desc,asc,same
ri,ri_cluster_6,sa,ga,sa_ga,ri/cluster_6/sa_126_ga.png,asc,asc,asc
ri,ri_cluster_6,ga,ni,ga_ni,ri/cluster_6/ga_71_ni.png,desc,desc,desc
ri,ri_cluster_6,sa,ga,sa_ga,ri/cluster_6/sa_161_ga.png,asc,asc,asc
ri,ri_cluster_6,ga,sa,ga_sa,ri/cluster_6/ga_86_sa.png,desc,desc,desc
ri,ri_cluster_6,ga,silence,ga_silence,ri/cluster_6/ga_108_silence.png,desc,to_silence,to_silence
ri,ri_cluster_6,ri,sa,ri_sa,ri/cluster_6/ri_1_sa.png,same,desc,desc
ri,ri_cluster_1,ga,ri,ga_ri,ri/cluster_1/ga_2_ri.png,desc,same,desc
ri,ri_cluster_1,ga,sa,ga_sa,ri/cluster_1/ga_91_sa.png,desc,desc,desc
ri,ri_cluster_1,ga,ri,ga_ri,ri/cluster_1/ga_98_ri.png,desc,same,desc
ri,ri_cluster_1,ga,ni,ga_ni,ri/cluster_1/ga_74_ni.png,desc,desc,desc
ri,ri_cluster_1,ga,sa,ga_sa,ri/cluster_1/ga_93_sa.png,desc,desc,desc
ri,ri_cluster_1,ga,sa,ga_sa,ri/cluster_1/ga_139_sa.png,desc,desc,desc
ri,ri_cluster_1,ga,sa,ga_sa,ri/cluster_1/ga_90_sa.png,desc,desc,desc
ri,ri_cluster_1,ga,sa,ga_sa,ri/cluster_1/ga_137_sa.png,desc,desc,desc
ri,ri_cluster_1,ga,ga,ga_ga,ri/cluster_1/ga_73_ga.png,desc,asc,same
ri,ri_cluster_1,ga,ri,ga_ri,ri/cluster_1/ga_64_ri.png,desc,same,desc
ri,ri_cluster_1,ga,ri,ga_ri,ri/cluster_1/ga_141_ri.png,desc,same,desc
ri,ri_cluster_1,ga,sa,ga_sa,ri/cluster_1/ga_92_sa.png,desc,desc,desc
ri,ri_cluster_1,ga,ga,ga_ga,ri/cluster_1/ga_51_ga.png,desc,asc,same
ri,ri_cluster_1,ga,sa,ga_sa,ri/cluster_1/ga_77_sa.png,desc,desc,desc
ri,ri_cluster_1,ga,sa,ga_sa,ri/cluster_1/ga_75_sa.png,desc,desc,desc
ri,ri_cluster_0,ga,sa,ga_sa,ri/cluster_0/ga_48_sa.png,desc,desc,desc
ri,ri_cluster_0,ga,ga,ga_ga,ri/cluster_0/ga_70_ga.png,desc,asc,same
ri,ri_cluster_0,ga,sa,ga_sa,ri/cluster_0/ga_76_sa.png,desc,desc,desc
ri,ri_cluster_0,ga,sa,ga_sa,ri/cluster_0/ga_153_sa.png,desc,desc,desc
ri,ri_cluster_0,ga,sa,ga_sa,ri/cluster_0/ga_106_sa.png,desc,desc,desc
ri,ri_cluster_0,sa,ni,sa_ni,ri/cluster_0/sa_38_ni.png,asc,desc,desc
ri,ri_cluster_0,sa,ga,sa_ga,ri/cluster_0/sa_116_ga.png,asc,asc,asc
ri,ri_cluster_0,sa,ni,sa_ni,ri/cluster_0/sa_57_ni.png,asc,desc,desc
ri,ri_cluster_0,sa,ni,sa_ni,ri/cluster_0/sa_112_ni.png,asc,desc,desc
ri,ri_cluster_0,ga,sa,ga_sa,ri/cluster_0/ga_113_sa.png,desc,desc,desc
ri,ri_cluster_0,ga,sa,ga_sa,ri/cluster_0/ga_111_sa.png,desc,desc,desc
ri,ri_cluster_0,sa,ni,sa_ni,ri/cluster_0/sa_63_ni.png,asc,desc,desc
ri,ri_cluster_0,sa,ni,sa_ni,ri/cluster_0/sa_43_ni.png,asc,desc,desc
ri,ri_cluster_0,ga,sa,ga_sa,ri/cluster_0/ga_84_sa.png,desc,desc,desc
ri,ri_cluster_0,sa,ni,sa_ni,ri/cluster_0/sa_96_ni.png,asc,desc,desc
ri,ri_cluster_7,sa,sa,sa_sa,ri/cluster_7/sa_152_sa.png,asc,desc,same
ri,ri_cluster_7,sa,ga,sa_ga,ri/cluster_7/sa_107_ga.png,asc,asc,asc
ri,ri_cluster_7,sa,ga,sa_ga,ri/cluster_7/sa_115_ga.png,asc,asc,asc
ri,ri_cluster_7,sa,ni,sa_ni,ri/cluster_7/sa_46_ni.png,asc,desc,desc
ri,ri_cluster_7,sa,ni,sa_ni,ri/cluster_7/sa_134_ni.png,asc,desc,desc
ri,ri_cluster_7,sa,sa,sa_sa,ri/cluster_7/sa_133_sa.png,asc,desc,same
ri,ri_cluster_7,sa,ni,sa_ni,ri/cluster_7/sa_33_ni.png,asc,desc,desc
ri,ri_cluster_7,sa,ga,sa_ga,ri/cluster_7/sa_118_ga.png,asc,asc,asc
ri,ri_cluster_7,sa,sa,sa_sa,ri/cluster_7/sa_149_sa.png,asc,desc,same
ri,ri_cluster_7,sa,ga,sa_ga,ri/cluster_7/sa_127_ga.png,asc,asc,asc
ri,ri_cluster_7,sa,ga,sa_ga,ri/cluster_7/sa_129_ga.png,asc,asc,asc
ri,ri_cluster_7,sa,ni,sa_ni,ri/cluster_7/sa_103_ni.png,asc,desc,desc
ri,ri_cluster_7,sa,ni,sa_ni,ri/cluster_7/sa_105_ni.png,asc,desc,desc
ri,ri_cluster_7,sa,ni,sa_ni,ri/cluster_7/sa_155_ni.png,asc,desc,desc
ri,ri_cluster_7,sa,ni,sa_ni,ri/cluster_7/sa_15_ni.png,asc,desc,desc
ri,ri_cluster_7,ga,ri,ga_ri,ri/cluster_7/ga_120_ri.png,desc,same,desc
ri,ri_cluster_7,sa,ni,sa_ni,ri/cluster_7/sa_140_ni.png,asc,desc,desc
ri,ri_cluster_7,sa,ni,sa_ni,ri/cluster_7/sa_144_ni.png,asc,desc,desc
ri,ri_cluster_7,sa,ni,sa_ni,ri/cluster_7/sa_36_ni.png,asc,desc,desc
ri,ri_cluster_7,sa,ga,sa_ga,ri/cluster_7/sa_114_ga.png,asc,asc,asc
ri,ri_cluster_7,sa,ga,sa_ga,ri/cluster_7/sa_12_ga.png,asc,asc,asc
ri,ri_cluster_7,sa,sa,sa_sa,ri/cluster_7/sa_146_sa.png,asc,desc,same
ri,ri_cluster_7,sa,ga,sa_ga,ri/cluster_7/sa_55_ga.png,asc,asc,asc
ri,ri_cluster_7,sa,ni,sa_ni,ri/cluster_7/sa_147_ni.png,asc,desc,desc
ri,ri_cluster_7,sa,ni,sa_ni,ri/cluster_7/sa_110_ni.png,asc,desc,desc
ri,ri_cluster_7,sa,sa,sa_sa,ri/cluster_7/sa_143_sa.png,asc,desc,same
ri,ri_cluster_7,sa,ga,sa_ga,ri/cluster_7/sa_4_ga.png,asc,asc,asc
ri,ri_cluster_7,sa,ga,sa_ga,ri/cluster_7/sa_10_ga.png,asc,asc,asc
ri,ri_cluster_7,sa,ri,sa_ri,ri/cluster_7/sa_17_ri.png,asc,same,asc
ri,ri_cluster_7,sa,ga,sa_ga,ri/cluster_7/sa_34_ga.png,asc,asc,asc
ri,ri_cluster_2,sa,ga,sa_ga,ri/cluster_2/sa_5_ga.png,asc,asc,asc
ri,ri_cluster_2,ga,ga,ga_ga,ri/cluster_2/ga_87_ga.png,desc,asc,same
ri,ri_cluster_2,sa,ga,sa_ga,ri/cluster_2/sa_37_ga.png,asc,asc,asc
ri,ri_cluster_2,ga,ri,ga_ri,ri/cluster_2/ga_156_ri.png,desc,same,desc
ri,ri_cluster_2,ga,ga,ga_ga,ri/cluster_2/ga_50_ga.png,desc,asc,same
ri,ri_cluster_2,sa,ga,sa_ga,ri/cluster_2/sa_39_ga.png,asc,asc,asc
ri,ri_cluster_2,silence,sa,silence_sa,ri/cluster_2/silence_13_sa.png,from_silence,desc,from_silence
ri,ri_cluster_2,ga,ga,ga_ga,ri/cluster_2/ga_52_ga.png,desc,asc,same
ri,ri_cluster_2,sa,ri,sa_ri,ri/cluster_2/sa_0_ri.png,asc,same,asc
ri,ri_cluster_2,sa,ga,sa_ga,ri/cluster_2/sa_158_ga.png,asc,asc,asc
ri,ri_cluster_2,sa,ni,sa_ni,ri/cluster_2/sa_19_ni.png,asc,desc,desc
ri,ri_cluster_2,ga,ga,ga_ga,ri/cluster_2/ga_49_ga.png,desc,asc,same
ri,ri_cluster_2,ga,sa,ga_sa,ri/cluster_2/ga_24_sa.png,desc,desc,desc
ri,ri_cluster_2,ga,sa,ga_sa,ri/cluster_2/ga_41_sa.png,desc,desc,desc
ri,ri_cluster_2,sa,ga,sa_ga,ri/cluster_2/sa_47_ga.png,asc,asc,asc
ri,ri_cluster_2,ga,sa,ga_sa,ri/cluster_2/ga_148_sa.png,desc,desc,desc
ri,ri_cluster_2,sa,ga,sa_ga,ri/cluster_2/sa_159_ga.png,asc,asc,asc
ri,ri_cluster_2,ga,sa,ga_sa,ri/cluster_2/ga_79_sa.png,desc,desc,desc
ri,ri_cluster_5,sa,sa,sa_sa,ri/cluster_5/sa_42_sa.png,asc,desc,same
ri,ri_cluster_5,ga,sa,ga_sa,ri/cluster_5/ga_83_sa.png,desc,desc,desc
ri,ri_cluster_5,sa,sa,sa_sa,ri/cluster_5/sa_162_sa.png,asc,desc,same
ri,ri_cluster_5,sa,sa,sa_sa,ri/cluster_5/sa_9_sa.png,asc,desc,same
ri,ri_cluster_5,ri,sa,ri_sa,ri/cluster_5/ri_157_sa.png,same,desc,desc
ri,ri_cluster_5,ni,sa,ni_sa,ri/cluster_5/ni_20_sa.png,asc,desc,asc
ri,ri_cluster_5,sa,ni,sa_ni,ri/cluster_5/sa_122_ni.png,asc,desc,desc
ri,ri_cluster_5,ri,sa,ri_sa,ri/cluster_5/ri_28_sa.png,same,desc,desc
ri,ri_cluster_5,sa,sa,sa_sa,ri/cluster_5/sa_14_sa.png,asc,desc,same
ri,ri_cluster_5,ri,sa,ri_sa,ri/cluster_5/ri_142_sa.png,same,desc,desc
ri,ri_cluster_5,ga,sa,ga_sa,ri/cluster_5/ga_30_sa.png,desc,desc,desc
ri,ri_cluster_5,ri,sa,ri_sa,ri/cluster_5/ri_32_sa.png,same,desc,desc
ri,ri_cluster_5,ri,sa,ri_sa,ri/cluster_5/ri_3_sa.png,same,desc,desc
ri,ri_cluster_5,ni,sa,ni_sa,ri/cluster_5/ni_26_sa.png,asc,desc,asc
ri,ri_cluster_5,ri,sa,ri_sa,ri/cluster_5/ri_22_sa.png,same,desc,desc
ri,ri_cluster_5,ri,sa,ri_sa,ri/cluster_5/ri_18_sa.png,same,desc,desc
ri,ri_cluster_5,ri,sa,ri_sa,ri/cluster_5/ri_65_sa.png,same,desc,desc
ri,ri_cluster_4,sa,ga,sa_ga,ri/cluster_4/sa_89_ga.png,asc,asc,asc
ri,ri_cluster_4,ga,ga,ga_ga,ri/cluster_4/ga_29_ga.png,desc,asc,same
ri,ri_cluster_4,ga,sa,ga_sa,ri/cluster_4/ga_35_sa.png,desc,desc,desc
ri,ri_cluster_4,ga,sa,ga_sa,ri/cluster_4/ga_68_sa.png,desc,desc,desc
ri,ri_cluster_4,ga,sa,ga_sa,ri/cluster_4/ga_78_sa.png,desc,desc,desc
ri,ri_cluster_4,ga,ga,ga_ga,ri/cluster_4/ga_23_ga.png,desc,asc,same
ri,ri_cluster_4,ga,silence,ga_silence,ri/cluster_4/ga_160_silence.png,desc,to_silence,to_silence
ri,ri_cluster_4,ga,sa,ga_sa,ri/cluster_4/ga_45_sa.png,desc,desc,desc
ri,ri_cluster_4,ga,sa,ga_sa,ri/cluster_4/ga_69_sa.png,desc,desc,desc
ri,ri_cluster_3,ni,sa,ni_sa,ri/cluster_3/ni_102_sa.png,asc,desc,asc
ri,ri_cluster_3,ni,ni,ni_ni,ri/cluster_3/ni_104_ni.png,asc,desc,same
ri,ri_cluster_3,silence,sa,silence_sa,ri/cluster_3/silence_85_sa.png,from_silence,desc,from_silence
ri,ri_cluster_3,ni,sa,ni_sa,ri/cluster_3/ni_16_sa.png,asc,desc,asc
ri,ri_cluster_3,ni,ni,ni_ni,ri/cluster_3/ni_123_ni.png,asc,desc,same
ri,ri_cluster_3,sa,sa,sa_sa,ri/cluster_3/sa_132_sa.png,asc,desc,same
ri,ri_cluster_3,ni,sa,ni_sa,ri/cluster_3/ni_109_sa.png,asc,desc,asc
ri,ri_cluster_3,ni,sa,ni_sa,ri/cluster_3/ni_121_sa.png,asc,desc,asc
sa,sa_cluster_1,ni,ri,ni_ri,sa/cluster_1/ni_46_ri.png,asc,asc,asc
sa,sa_cluster_1,ni,pa,ni_pa,sa/cluster_1/ni_36_pa.png,asc,desc,desc
sa,sa_cluster_1,pa,ni,pa_ni,sa/cluster_1/pa_43_ni.png,asc,desc,asc
sa,sa_cluster_1,ni,ni,ni_ni,sa/cluster_1/ni_87_ni.png,asc,desc,same
sa,sa_cluster_1,ni,ni,ni_ni,sa/cluster_1/ni_7_ni.png,asc,desc,same
sa,sa_cluster_1,pa,ni,pa_ni,sa/cluster_1/pa_55_ni.png,asc,desc,asc
sa,sa_cluster_1,ni,ga,ni_ga,sa/cluster_1/ni_81_ga.png,asc,asc,asc
sa,sa_cluster_1,ni,ni,ni_ni,sa/cluster_1/ni_76_ni.png,asc,desc,same
sa,sa_cluster_1,ni,pa,ni_pa,sa/cluster_1/ni_58_pa.png,asc,desc,desc
sa,sa_cluster_1,ri,ri,ri_ri,sa/cluster_1/ri_74_ri.png,desc,asc,same
sa,sa_cluster_1,sa,sa,sa_sa,sa/cluster_1/sa_77_sa.png,same,same,same
sa,sa_cluster_1,pa,ni,pa_ni,sa/cluster_1/pa_37_ni.png,asc,desc,asc
sa,sa_cluster_1,ni,pa,ni_pa,sa/cluster_1/ni_42_pa.png,asc,desc,desc
sa,sa_cluster_1,sa,ga,sa_ga,sa/cluster_1/sa_73_ga.png,same,asc,asc
sa,sa_cluster_1,pa,ni,pa_ni,sa/cluster_1/pa_39_ni.png,asc,desc,asc
sa,sa_cluster_0,ri,ni,ri_ni,sa/cluster_0/ri_23_ni.png,desc,desc,desc
sa,sa_cluster_0,ri,ni,ri_ni,sa/cluster_0/ri_15_ni.png,desc,desc,desc
sa,sa_cluster_0,ri,ni,ri_ni,sa/cluster_0/ri_19_ni.png,desc,desc,desc
sa,sa_cluster_0,ni,silence,ni_silence,sa/cluster_0/ni_0_silence.png,asc,to_silence,to_silence
sa,sa_cluster_0,ni,sa,ni_sa,sa/cluster_0/ni_1_sa.png,asc,same,asc
sa,sa_cluster_0,ri,ni,ri_ni,sa/cluster_0/ri_4_ni.png,desc,desc,desc
sa,sa_cluster_0,ni,ri,ni_ri,sa/cluster_0/ni_14_ri.png,asc,asc,asc
sa,sa_cluster_0,ni,dha,ni_dha,sa/cluster_0/ni_10_dha.png,asc,desc,desc
sa,sa_cluster_0,ni,dha,ni_dha,sa/cluster_0/ni_86_dha.png,asc,desc,desc
sa,sa_cluster_0,silence,ri,silence_ri,sa/cluster_0/silence_16_ri.png,from_silence,asc,from_silence
sa,sa_cluster_0,ni,ri,ni_ri,sa/cluster_0/ni_6_ri.png,asc,asc,asc
sa,sa_cluster_0,ri,ni,ri_ni,sa/cluster_0/ri_32_ni.png,desc,desc,desc
sa,sa_cluster_0,ni,silence,ni_silence,sa/cluster_0/ni_20_silence.png,asc,to_silence,to_silence
sa,sa_cluster_0,sa,silence,sa_silence,sa/cluster_0/sa_78_silence.png,same,to_silence,to_silence
sa,sa_cluster_0,ri,ni,ri_ni,sa/cluster_0/ri_12_ni.png,desc,desc,desc
sa,sa_cluster_2,ri,ni,ri_ni,sa/cluster_2/ri_49_ni.png,desc,desc,desc
sa,sa_cluster_2,ri,ri,ri_ri,sa/cluster_2/ri_66_ri.png,desc,asc,same
sa,sa_cluster_2,ri,ri,ri_ri,sa/cluster_2/ri_82_ri.png,desc,asc,same
sa,sa_cluster_2,ri,ri,ri_ri,sa/cluster_2/ri_88_ri.png,desc,asc,same
sa,sa_cluster_2,ri,ni,ri_ni,sa/cluster_2/ri_64_ni.png,desc,desc,desc
sa,sa_cluster_2,ri,ri,ri_ri,sa/cluster_2/ri_67_ri.png,desc,asc,same
sa,sa_cluster_2,ni,ni,ni_ni,sa/cluster_2/ni_29_ni.png,asc,desc,same
sa,sa_cluster_2,sa,ri,sa_ri,sa/cluster_2/sa_2_ri.png,same,asc,asc
sa,sa_cluster_2,ri,ni,ri_ni,sa/cluster_2/ri_13_ni.png,desc,desc,desc
sa,sa_cluster_2,ri,ni,ri_ni,sa/cluster_2/ri_83_ni.png,desc,desc,desc
sa,sa_cluster_2,ri,ri,ri_ri,sa/cluster_2/ri_79_ri.png,desc,asc,same
sa,sa_cluster_2,ri,ri,ri_ri,sa/cluster_2/ri_31_ri.png,desc,asc,same
sa,sa_cluster_2,ri,ri,ri_ri,sa/cluster_2/ri_21_ri.png,desc,asc,same
sa,sa_cluster_2,ri,ni,ri_ni,sa/cluster_2/ri_47_ni.png,desc,desc,desc
sa,sa_cluster_2,ri,ni,ri_ni,sa/cluster_2/ri_18_ni.png,desc,desc,desc
sa,sa_cluster_2,ri,ri,ri_ri,sa/cluster_2/ri_25_ri.png,desc,asc,same
sa,sa_cluster_2,ni,ri,ni_ri,sa/cluster_2/ni_5_ri.png,asc,asc,asc
sa,sa_cluster_2,ni,ri,ni_ri,sa/cluster_2/ni_40_ri.png,asc,asc,asc
sa,sa_cluster_2,ni,ri,ni_ri,sa/cluster_2/ni_33_ri.png,asc,asc,asc
sa,sa_cluster_2,ni,ni,ni_ni,sa/cluster_2/ni_30_ni.png,asc,desc,same
sa,sa_cluster_2,ri,ri,ri_ri,sa/cluster_2/ri_8_ri.png,desc,asc,same
sa,sa_cluster_5,ri,ni,ri_ni,sa/cluster_5/ri_89_ni.png,desc,desc,desc
sa,sa_cluster_5,ri,ni,ri_ni,sa/cluster_5/ri_85_ni.png,desc,desc,desc
sa,sa_cluster_5,ri,ni,ri_ni,sa/cluster_5/ri_44_ni.png,desc,desc,desc
sa,sa_cluster_5,ri,ni,ri_ni,sa/cluster_5/ri_9_ni.png,desc,desc,desc
sa,sa_cluster_4,ni,ri,ni_ri,sa/cluster_4/ni_28_ri.png,asc,asc,asc
sa,sa_cluster_4,ri,ri,ri_ri,sa/cluster_4/ri_56_ri.png,desc,asc,same
sa,sa_cluster_4,ri,ni,ri_ni,sa/cluster_4/ri_48_ni.png,desc,desc,desc
sa,sa_cluster_4,ni,ri,ni_ri,sa/cluster_4/ni_38_ri.png,asc,asc,asc
sa,sa_cluster_4,ri,ri,ri_ri,sa/cluster_4/ri_61_ri.png,desc,asc,same
sa,sa_cluster_4,ni,ri,ni_ri,sa/cluster_4/ni_41_ri.png,asc,asc,asc
sa,sa_cluster_4,ri,ri,ri_ri,sa/cluster_4/ri_80_ri.png,desc,asc,same
sa,sa_cluster_4,ri,ri,ri_ri,sa/cluster_4/ri_57_ri.png,desc,asc,same
sa,sa_cluster_4,ri,ri,ri_ri,sa/cluster_4/ri_54_ri.png,desc,asc,same
sa,sa_cluster_4,ri,ni,ri_ni,sa/cluster_4/ri_70_ni.png,desc,desc,desc
sa,sa_cluster_4,ri,ni,ri_ni,sa/cluster_4/ri_3_ni.png,desc,desc,desc
sa,sa_cluster_4,ni,ri,ni_ri,sa/cluster_4/ni_62_ri.png,asc,asc,asc
sa,sa_cluster_4,ni,ni,ni_ni,sa/cluster_4/ni_34_ni.png,asc,desc,same
sa,sa_cluster_4,ri,ri,ri_ri,sa/cluster_4/ri_69_ri.png,desc,asc,same
sa,sa_cluster_4,ga,ri,ga_ri,sa/cluster_4/ga_50_ri.png,desc,asc,desc
sa,sa_cluster_4,ri,ni,ri_ni,sa/cluster_4/ri_84_ni.png,desc,desc,desc
sa,sa_cluster_4,ga,ri,ga_ri,sa/cluster_4/ga_52_ri.png,desc,asc,desc
sa,sa_cluster_4,ri,ri,ri_ri,sa/cluster_4/ri_71_ri.png,desc,asc,same
sa,sa_cluster_4,ri,ri,ri_ri,sa/cluster_4/ri_68_ri.png,desc,asc,same
sa,sa_cluster_4,ni,ri,ni_ri,sa/cluster_4/ni_35_ri.png,asc,asc,asc
sa,sa_cluster_4,ri,ni,ri_ni,sa/cluster_4/ri_22_ni.png,desc,desc,desc
sa,sa_cluster_4,ri,ni,ri_ni,sa/cluster_4/ri_26_ni.png,desc,desc,desc
sa,sa_cluster_4,ga,ni,ga_ni,sa/cluster_4/ga_24_ni.png,desc,desc,desc
sa,sa_cluster_4,ni,ri,ni_ri,sa/cluster_4/ni_17_ri.png,asc,asc,asc
sa,sa_cluster_4,ri,ni,ri_ni,sa/cluster_4/ri_45_ni.png,desc,desc,desc
sa,sa_cluster_4,ri,ri,ri_ri,sa/cluster_4/ri_27_ri.png,desc,asc,same
sa,sa_cluster_3,ri,ni,ri_ni,sa/cluster_3/ri_60_ni.png,desc,desc,desc
sa,sa_cluster_3,ri,ni,ri_ni,sa/cluster_3/ri_51_ni.png,desc,desc,desc
sa,sa_cluster_3,ri,ni,ri_ni,sa/cluster_3/ri_65_ni.png,desc,desc,desc
sa,sa_cluster_3,ri,ni,ri_ni,sa/cluster_3/ri_53_ni.png,desc,desc,desc
sa,sa_cluster_3,ri,ri,ri_ri,sa/cluster_3/ri_11_ri.png,desc,asc,same
pa,pa_cluster_6,sa,dha,sa_dha,pa/cluster_6/sa_82_dha.png,desc,asc,desc
pa,pa_cluster_6,sa,sa,sa_sa,pa/cluster_6/sa_48_sa.png,desc,asc,same
pa,pa_cluster_6,ma,dha,ma_dha,pa/cluster_6/ma_95_dha.png,asc,asc,asc
pa,pa_cluster_6,ma,ga,ma_ga,pa/cluster_6/ma_11_ga.png,asc,desc,desc
pa,pa_cluster_6,ma,ga,ma_ga,pa/cluster_6/ma_9_ga.png,asc,desc,desc
pa,pa_cluster_6,sa,sa,sa_sa,pa/cluster_6/sa_28_sa.png,desc,asc,same
pa,pa_cluster_1,dha,ma,dha_ma,pa/cluster_1/dha_31_ma.png,desc,desc,desc
pa,pa_cluster_1,dha,dha,dha_dha,pa/cluster_1/dha_72_dha.png,desc,asc,same
pa,pa_cluster_1,ma,dha,ma_dha,pa/cluster_1/ma_37_dha.png,asc,asc,asc
pa,pa_cluster_1,silence,ma,silence_ma,pa/cluster_1/silence_52_ma.png,from_silence,desc,from_silence
pa,pa_cluster_1,dha,ma,dha_ma,pa/cluster_1/dha_104_ma.png,desc,desc,desc
pa,pa_cluster_1,dha,ma,dha_ma,pa/cluster_1/dha_29_ma.png,desc,desc,desc
pa,pa_cluster_1,dha,ni,dha_ni,pa/cluster_1/dha_62_ni.png,desc,asc,asc
pa,pa_cluster_1,dha,ma,dha_ma,pa/cluster_1/dha_96_ma.png,desc,desc,desc
pa,pa_cluster_1,dha,ma,dha_ma,pa/cluster_1/dha_69_ma.png,desc,desc,desc
pa,pa_cluster_1,dha,ma,dha_ma,pa/cluster_1/dha_53_ma.png,desc,desc,desc
pa,pa_cluster_1,ma,ma,ma_ma,pa/cluster_1/ma_92_ma.png,asc,desc,same
pa,pa_cluster_1,ma,dha,ma_dha,pa/cluster_1/ma_81_dha.png,asc,asc,asc
pa,pa_cluster_1,dha,ma,dha_ma,pa/cluster_1/dha_59_ma.png,desc,desc,desc
pa,pa_cluster_1,dha,ma,dha_ma,pa/cluster_1/dha_71_ma.png,desc,desc,desc
pa,pa_cluster_1,dha,ma,dha_ma,pa/cluster_1/dha_63_ma.png,desc,desc,desc
pa,pa_cluster_1,dha,ma,dha_ma,pa/cluster_1/dha_34_ma.png,desc,desc,desc
pa,pa_cluster_1,dha,ma,dha_ma,pa/cluster_1/dha_49_ma.png,desc,desc,desc
pa,pa_cluster_1,dha,ma,dha_ma,pa/cluster_1/dha_61_ma.png,desc,desc,desc
pa,pa_cluster_0,dha,ga,dha_ga,pa/cluster_0/dha_83_ga.png,desc,desc,desc
pa,pa_cluster_0,ma,dha,ma_dha,pa/cluster_0/ma_103_dha.png,asc,asc,asc
pa,pa_cluster_0,ma,sa,ma_sa,pa/cluster_0/ma_78_sa.png,asc,asc,desc
pa,pa_cluster_0,ma,sa,ma_sa,pa/cluster_0/ma_74_sa.png,asc,asc,desc
pa,pa_cluster_0,ma,sa,ma_sa,pa/cluster_0/ma_87_sa.png,asc,asc,desc
pa,pa_cluster_0,ma,ga,ma_ga,pa/cluster_0/ma_85_ga.png,asc,desc,desc
pa,pa_cluster_0,ma,dha,ma_dha,pa/cluster_0/ma_7_dha.png,asc,asc,asc
pa,pa_cluster_0,ga,ma,ga_ma,pa/cluster_0/ga_27_ma.png,asc,desc,asc
pa,pa_cluster_0,ma,ga,ma_ga,pa/cluster_0/ma_91_ga.png,asc,desc,desc
pa,pa_cluster_0,ma,dha,ma_dha,pa/cluster_0/ma_12_dha.png,asc,asc,asc
pa,pa_cluster_0,ma,ga,ma_ga,pa/cluster_0/ma_44_ga.png,asc,desc,desc
pa,pa_cluster_0,dha,ma,dha_ma,pa/cluster_0/dha_88_ma.png,desc,desc,desc
pa,pa_cluster_0,ma,ga,ma_ga,pa/cluster_0/ma_14_ga.png,asc,desc,desc
pa,pa_cluster_0,ma,ga,ma_ga,pa/cluster_0/ma_77_ga.png,asc,desc,desc
pa,pa_cluster_0,dha,ma,dha_ma,pa/cluster_0/dha_65_ma.png,desc,desc,desc
pa,pa_cluster_0,dha,ma,dha_ma,pa/cluster_0/dha_79_ma.png,desc,desc,desc
pa,pa_cluster_0,dha,ma,dha_ma,pa/cluster_0/dha_75_ma.png,desc,desc,desc
pa,pa_cluster_0,ma,dha,ma_dha,pa/cluster_0/ma_15_dha.png,asc,asc,asc
pa,pa_cluster_0,ga,ga,ga_ga,pa/cluster_0/ga_51_ga.png,asc,desc,same
pa,pa_cluster_0,ga,ma,ga_ma,pa/cluster_0/ga_45_ma.png,asc,desc,asc
pa,pa_cluster_0,ma,ga,ma_ga,pa/cluster_0/ma_26_ga.png,asc,desc,desc
pa,pa_cluster_0,dha,ga,dha_ga,pa/cluster_0/dha_94_ga.png,desc,desc,desc
pa,pa_cluster_0,ma,ga,ma_ga,pa/cluster_0/ma_73_ga.png,asc,desc,desc
pa,pa_cluster_2,dha,ma,dha_ma,pa/cluster_2/dha_8_ma.png,desc,desc,desc
pa,pa_cluster_2,silence,ma,silence_ma,pa/cluster_2/silence_58_ma.png,from_silence,desc,from_silence
pa,pa_cluster_2,ma,ni,ma_ni,pa/cluster_2/ma_39_ni.png,asc,asc,asc
pa,pa_cluster_2,dha,ma,dha_ma,pa/cluster_2/dha_50_ma.png,desc,desc,desc
pa,pa_cluster_2,ma,silence,ma_silence,pa/cluster_2/ma_43_silence.png,asc,to_silence,to_silence
pa,pa_cluster_2,ma,ni,ma_ni,pa/cluster_2/ma_17_ni.png,asc,asc,asc
pa,pa_cluster_2,ma,ni,ma_ni,pa/cluster_2/ma_21_ni.png,asc,asc,asc
pa,pa_cluster_2,dha,ma,dha_ma,pa/cluster_2/dha_54_ma.png,desc,desc,desc
pa,pa_cluster_2,dha,ma,dha_ma,pa/cluster_2/dha_60_ma.png,desc,desc,desc
pa,pa_cluster_2,ma,ni,ma_ni,pa/cluster_2/ma_23_ni.png,asc,asc,asc
pa,pa_cluster_2,dha,dha,dha_dha,pa/cluster_2/dha_84_dha.png,desc,asc,same
pa,pa_cluster_2,dha,ma,dha_ma,pa/cluster_2/dha_67_ma.png,desc,desc,desc
pa,pa_cluster_2,dha,ma,dha_ma,pa/cluster_2/dha_20_ma.png,desc,desc,desc
pa,pa_cluster_2,ma,dha,ma_dha,pa/cluster_2/ma_93_dha.png,asc,asc,asc
pa,pa_cluster_2,sa,ma,sa_ma,pa/cluster_2/sa_30_ma.png,desc,desc,asc
pa,pa_cluster_2,ma,ma,ma_ma,pa/cluster_2/ma_86_ma.png,asc,desc,same
pa,pa_cluster_5,dha,ma,dha_ma,pa/cluster_5/dha_97_ma.png,desc,desc,desc
pa,pa_cluster_5,dha,ma,dha_ma,pa/cluster_5/dha_99_ma.png,desc,desc,desc
pa,pa_cluster_5,dha,ni,dha_ni,pa/cluster_5/dha_68_ni.png,desc,asc,asc
pa,pa_cluster_5,ma,dha,ma_dha,pa/cluster_5/ma_24_dha.png,asc,asc,asc
pa,pa_cluster_5,dha,ma,dha_ma,pa/cluster_5/dha_25_ma.png,desc,desc,desc
pa,pa_cluster_5,dha,ma,dha_ma,pa/cluster_5/dha_56_ma.png,desc,desc,desc
pa,pa_cluster_5,dha,ma,dha_ma,pa/cluster_5/dha_5_ma.png,desc,desc,desc
pa,pa_cluster_5,dha,ma,dha_ma,pa/cluster_5/dha_18_ma.png,desc,desc,desc
pa,pa_cluster_5,ma,ma,ma_ma,pa/cluster_5/ma_80_ma.png,asc,desc,same
pa,pa_cluster_5,ma,dha,ma_dha,pa/cluster_5/ma_33_dha.png,asc,asc,asc
pa,pa_cluster_5,ma,ni,ma_ni,pa/cluster_5/ma_41_ni.png,asc,asc,asc
pa,pa_cluster_5,ma,dha,ma_dha,pa/cluster_5/ma_22_dha.png,asc,asc,asc
pa,pa_cluster_5,dha,ma,dha_ma,pa/cluster_5/dha_38_ma.png,desc,desc,desc
pa,pa_cluster_5,dha,ma,dha_ma,pa/cluster_5/dha_57_ma.png,desc,desc,desc
pa,pa_cluster_4,ma,ma,ma_ma,pa/cluster_4/ma_70_ma.png,asc,desc,same
pa,pa_cluster_4,ma,ma,ma_ma,pa/cluster_4/ma_76_ma.png,asc,desc,same
pa,pa_cluster_4,ma,ma,ma_ma,pa/cluster_4/ma_89_ma.png,asc,desc,same
pa,pa_cluster_4,ma,ma,ma_ma,pa/cluster_4/ma_66_ma.png,asc,desc,same
pa,pa_cluster_3,sa,ma,sa_ma,pa/cluster_3/sa_46_ma.png,desc,desc,asc
pa,pa_cluster_3,ma,ma,ma_ma,pa/cluster_3/ma_100_ma.png,asc,desc,same
pa,pa_cluster_3,silence,dha,silence_dha,pa/cluster_3/silence_35_dha.png,from_silence,asc,from_silence
pa,pa_cluster_3,ma,dha,ma_dha,pa/cluster_3/ma_10_dha.png,asc,asc,asc
pa,pa_cluster_3,silence,dha,silence_dha,pa/cluster_3/silence_55_dha.png,from_silence,asc,from_silence
pa,pa_cluster_3,ma,ma,ma_ma,pa/cluster_3/ma_1_ma.png,asc,desc,same
pa,pa_cluster_3,ma,dha,ma_dha,pa/cluster_3/ma_4_dha.png,asc,asc,asc
pa,pa_cluster_3,ma,ma,ma_ma,pa/cluster_3/ma_3_ma.png,asc,desc,same
pa,pa_cluster_3,ma,ni,ma_ni,pa/cluster_3/ma_19_ni.png,asc,asc,asc
pa,pa_cluster_3,ma,dha,ma_dha,pa/cluster_3/ma_47_dha.png,asc,asc,asc
pa,pa_cluster_3,ma,ma,ma_ma,pa/cluster_3/ma_101_ma.png,asc,desc,same
pa,pa_cluster_3,ma,dha,ma_dha,pa/cluster_3/ma_42_dha.png,asc,asc,asc
pa,pa_cluster_3,ma,dha,ma_dha,pa/cluster_3/ma_16_dha.png,asc,asc,asc
pa,pa_cluster_3,ma,ma,ma_ma,pa/cluster_3/ma_6_ma.png,asc,desc,same
pa,pa_cluster_3,ma,dha,ma_dha,pa/cluster_3/ma_90_dha.png,asc,asc,asc
pa,pa_cluster_3,ma,ni,ma_ni,pa/cluster_3/ma_36_ni.png,asc,asc,asc
pa,pa_cluster_3,ma,ma,ma_ma,pa/cluster_3/ma_0_ma.png,asc,desc,same
pa,pa_cluster_3,ma,ni,ma_ni,pa/cluster_3/ma_32_ni.png,asc,asc,asc
pa,pa_cluster_3,ma,dha,ma_dha,pa/cluster_3/ma_40_dha.png,asc,asc,asc
pa,pa_cluster_3,pa,ma,pa_ma,pa/cluster_3/pa_13_ma.png,same,desc,desc
pa,pa_cluster_3,ma,ma,ma_ma,pa/cluster_3/ma_2_ma.png,asc,desc,same
pa,pa_cluster_3,sa,ma,sa_ma,pa/cluster_3/sa_98_ma.png,desc,desc,asc
